<?xml version="1.0" encoding="UTF-8" standalone="no"?>
<Entities>
    <ExtensionPackages>
        <ExtensionPackage dependsOn="" description="" minimumThingWorxVersion="8.3.0" name="ReadExcelFileUpload" packageVersion="1.0.23" vendor="IoT Centre Lab"></ExtensionPackage>
    </ExtensionPackages>
    <Widgets>
        <Widget name="ReadExcelFileUpload">
            <UIResources>
                <FileResource description="" file="ReadExcelFileUpload.ide.js" isDevelopment="true" isRuntime="false" type="JS" />
                <FileResource description="" file="ReadExcelFileUpload.ide.css" isDevelopment="true" isRuntime="false" type="CSS" />
                <FileResource description="" file="ReadExcelFileUpload.runtime.js" isDevelopment="false" isRuntime="true" type="JS" />
                <FileResource description="" file="ReadExcelFileUpload.runtime.css" isDevelopment="false" isRuntime="true" type="CSS" />
                <FileResource description="" file="d3.min.js" isDevelopment="true" isRuntime="true" type="JS" />
                <FileResource description="" file="xlsx.full.min.js" isDevelopment="true" isRuntime="true" type="JS" />

               
                   
            </UIResources>
        </Widget>
    </Widgets>
</Entities>